text,label_number,label_name
–®—É–∫–∞—é —Ç—É—Ä –Ω–∞ —Ç–∏–∂–¥–µ–Ω—å –≤ –Ü—Å–ø–∞–Ω—ñ—é –∑ –≤–∏–ª—å–æ—Ç–æ–º –∑—ñ –õ—å–≤–æ–≤–∞.,0,–ü—ñ–¥–±—ñ—Ä —Ç—É—Ä—É
–ß–∏ –º–æ–∂–µ—Ç–µ –ø—ñ–¥—ñ–±—Ä–∞—Ç–∏ —Ç—É—Ä–∏—Å—Ç–∏—á–Ω—ñ –ø–∞–∫–µ—Ç–∏ –Ω–∞ –ø–æ–ø—É–ª—è—Ä–Ω—ñ —î–≤—Ä–æ–ø–µ–π—Å—å–∫—ñ —Ñ–µ—Å—Ç–∏–≤–∞–ª—ñ —Ü—å–æ–≥–æ –ª—ñ—Ç–∞? ,0,–ü—ñ–¥–±—ñ—Ä —Ç—É—Ä—É
"–®—É–∫–∞—é –≤–∞—Ä—ñ–∞–Ω—Ç–∏ –≤—ñ–¥–ø—É—Å—Ç–∫–∏ –Ω–∞ –æ—Å—Ç—Ä–æ–≤—ñ, –∞–ª–µ –∑ –∞–∫—Ç–∏–≤–Ω–∏–º –≤—ñ–¥–ø–æ—á–∏–Ω–∫–æ–º.",0,–ü—ñ–¥–±—ñ—Ä —Ç—É—Ä—É
–Ø–∫—ñ —î –≤–∞—Ä—ñ–∞–Ω—Ç–∏ –±—é–¥–∂–µ—Ç–Ω–∏—Ö —Ç—É—Ä—ñ–≤ –Ω–∞ –ö–∞—Ä–ø–∞—Ç–∏?,0,–ü—ñ–¥–±—ñ—Ä —Ç—É—Ä—É
–®—É–∫–∞—é –≤—ñ–¥–ø–æ—á–∏–Ω–æ–∫ –∑ –ª—ñ–∫—É–≤–∞–ª—å–Ω–∏–º–∏ –ø—Ä–æ—Ü–µ–¥—É—Ä–∞–º–∏.,0,–ü—ñ–¥–±—ñ—Ä —Ç—É—Ä—É
–Ø–∫—ñ —î –≤–∞—Ä—ñ–∞–Ω—Ç–∏ —Ç—É—Ä—ñ–≤ –¥–æ –ì—Ä–µ—Ü—ñ—ó –∑ –µ–∫—Å–∫—É—Ä—Å—ñ—è–º–∏ —Ç–∞ –≤—ñ–¥–ø–æ—á–∏–Ω–∫–æ–º –Ω–∞ –ø–ª—è–∂—ñ –¥–ª—è –ø–∞—Ä–∏ —É –≤–µ—Ä–µ—Å–Ω—ñ?,0,–ü—ñ–¥–±—ñ—Ä —Ç—É—Ä—É
–•–æ—á—É –∞–∫—Ç–∏–≤–Ω–∏–π –≤—ñ–¥–ø–æ—á–∏–Ω–æ–∫ —É –¢–∞—ó–ª–∞–Ω–¥—ñ –∑ –¥–∞–π–≤—ñ–Ω–≥–æ–º —Ç–∞ –µ–∫—Å–∫—É—Ä—Å—ñ—è–º–∏ ‚Äì —è–∫—ñ –ø—Ä–æ–ø–æ–∑–∏—Ü—ñ—ó –¥–æ—Å—Ç—É–ø–Ω—ñ?,0,–ü—ñ–¥–±—ñ—Ä —Ç—É—Ä—É
–Ø–∫—ñ –∫—Ä–∞—ó–Ω–∏ –ø—Ä–æ–ø–æ–Ω—É—é—Ç—å –ª—ñ–∫—É–≤–∞–ª—å–Ω—ñ —Ç—É—Ä–∏ –∑ —Ç–µ—Ä–º–∞–ª—å–Ω–∏–º–∏ –≤–æ–¥–∞–º–∏ —Ç–∞ –º–∞—Å–∞–∂–∞–º–∏?,0,–ü—ñ–¥–±—ñ—Ä —Ç—É—Ä—É
–®—É–∫–∞—é —Ä–æ–º–∞–Ω—Ç–∏—á–Ω–∏–π —Ç—É—Ä –Ω–∞ –æ—Å—Ç—Ä–æ–≤–∏ –∑ –ø—Ä–∏–≤–∞—Ç–Ω–∏–º–∏ –≤—ñ–ª–ª–∞–º–∏ —Ç–∞ —Å–Ω—ñ–¥–∞–Ω–∫–∞–º–∏ –Ω–∞ –±–µ—Ä–µ–∑—ñ –º–æ—Ä—è.,0,–ü—ñ–¥–±—ñ—Ä —Ç—É—Ä—É
–®—É–∫–∞—é —Ç—É—Ä –Ω–∞ –ú–∞–ª—å–¥—ñ–≤–∏ –∑—ñ –≤—Å—ñ–º –≤–∫–ª—é—á–µ–Ω–æ —Ç–∞ —Ç—Ä–∞–Ω—Å—Ñ–µ—Ä–æ–º –∑ –∞–µ—Ä–æ–ø–æ—Ä—Ç—É –¥–ª—è –º–µ–¥–æ–≤–æ–≥–æ –º—ñ—Å—è—Ü—è.,0,–ü—ñ–¥–±—ñ—Ä —Ç—É—Ä—É
–ß–∏ —î –ø–∞–∫–µ—Ç–Ω—ñ —Ç—É—Ä–∏ –¥–æ –Ø–ø–æ–Ω—ñ—ó –∑ –∞–≤—ñ–∞–∫–≤–∏—Ç–∫–∞–º–∏ –Ω–∞ –ª—ñ—Ç–æ?,0,–ü—ñ–¥–±—ñ—Ä —Ç—É—Ä—É
–ß–∏ —î –æ—Ä–≥–∞–Ω—ñ–∑–æ–≤–∞–Ω—ñ —Ç—É—Ä–∏ –¥–ª—è –ª—é–±–∏—Ç–µ–ª—ñ–≤ –≥—ñ—Ä—Å—å–∫–∏—Ö –≤–µ–ª–æ—Å–∏–ø–µ–¥—ñ–≤,0,–ü—ñ–¥–±—ñ—Ä —Ç—É—Ä—É
–•–æ—á—É –≤—ñ–¥–ø–æ—á–∏—Ç–∏ –≤ –≥–æ—Ä–∞—Ö ‚Äî —è–∫—ñ –Ω–∞–ø—Ä—è–º–∫–∏ –¥–æ—Å—Ç—É–ø–Ω—ñ –≤–ª—ñ—Ç–∫—É?),0,–ü—ñ–¥–±—ñ—Ä —Ç—É—Ä—É
–®—É–∫–∞—î–º–æ –≤–µ—Å—ñ–ª—å–Ω—É –ø–æ–¥–æ—Ä–æ–∂ ‚Äî —â–æ –∑–∞–ø—Ä–æ–ø–æ–Ω—É—î—Ç–µ?,0,–ü—ñ–¥–±—ñ—Ä —Ç—É—Ä—É
–Ø–∫—ñ –∑–∞—Ä–∞–∑ –ø–æ–ø—É–ª—è—Ä–Ω—ñ –Ω–µ–¥–æ—Ä–æ–≥—ñ —Ç—É—Ä–∏ –¥–æ –ê–∑—ñ—ó ?,0,–ü—ñ–¥–±—ñ—Ä —Ç—É—Ä—É
–ù–æ–≤–æ—Ä—ñ—á–Ω—ñ —Ç—É—Ä–∏ –∑ —è—Å–∫—Ä–∞–≤–∏–º–∏ –≤—Ä–∞–∂–µ–Ω–Ω—è–º–∏ ‚Äî –∫—É–¥–∏ –≤–∞—Ä—Ç–æ –ª–µ—Ç—ñ—Ç–∏?),0,–ü—ñ–¥–±—ñ—Ä —Ç—É—Ä—É
–ß–∏ –ø–ª–∞–Ω—É—é—Ç—å—Å—è —è–∫—ñ—Å—å –±—é–¥–∂–µ—Ç–Ω—ñ —Ç—É—Ä–∏ –ø—Ä–∏–±–ª–∏–∑–Ω–æ —á–µ—Ä–µ–∑ –º—ñ—Å—è—Ü—å?,0,–ü—ñ–¥–±—ñ—Ä —Ç—É—Ä—É
–Ø–∫—ñ –∫—Ä–∞—ó–Ω–∏ –º–æ–∂–µ—Ç–µ –∑–∞–ø—Ä–æ–ø–æ–Ω—É–≤–∞—Ç–∏ –¥–ª—è —Å–ø–æ–∫—ñ–π–Ω–æ–≥–æ –≤—ñ–¥–ø–æ—á–∏–Ω–∫—É?,0,–ü—ñ–¥–±—ñ—Ä —Ç—É—Ä—É
–î–µ –≤ –Ñ–≤—Ä–æ–ø—ñ –£–∫—Ä–∞—ó–Ω—ñ –º–æ–∂–Ω–∞ –æ—Ä–µ–Ω–¥—É–≤–∞—Ç–∏ –±–∞–π–¥–∞—Ä–∫–∏ –≤–ª—ñ—Ç–∫—É?,0,–ü—ñ–¥–±—ñ—Ä —Ç—É—Ä—É
–Ø–∫ –æ–±—Ä–∞—Ç–∏ —Ç—É—Ä-—Å—é—Ä–ø—Ä–∏–∑ –Ω–∞ –¥–µ–Ω—å –Ω–∞—Ä–æ–¥–∂–µ–Ω–Ω—è –¥—Ä—É–∂–∏–Ω–∏?,0,–ü—ñ–¥–±—ñ—Ä —Ç—É—Ä—É
–ö—É–¥–∏ –ø–æ—ó—Ö–∞—Ç–∏ –≤—ñ–¥ —Å–ø–µ–∫–∏ –∑–∞—Ä–∞–∑ –∑ –≥–∞—Ä—è—á–∏–º–∏ —Ç—É—Ä–∞–º–∏?),0,–ü—ñ–¥–±—ñ—Ä —Ç—É—Ä—É
"–®—É–∫–∞—î–º–æ —Ç—É—Ä –¥–ª—è —Å—ñ–º'—ó –∑ –¥–∏—Ç–∏–Ω–æ—é, –¥–µ —Ö–æ—Ä–æ—à—ñ –ø–ª—è–∂—ñ –∑ –¥–∏—Ç—è—á–∏–º —Å–µ—Ä–≤—ñ—Å–æ–º?",0,–ü—ñ–¥–±—ñ—Ä —Ç—É—Ä—É
–ß–∏ —î –≥–æ—Ç–æ–≤—ñ —Ç—É—Ä–∏ –≤ –î–æ–º—ñ–Ω—ñ–∫–∞–Ω—É –∑ –ö–∏—î–≤–∞ –∑ –ø–µ—Ä–µ–ª—å–æ—Ç–∞–º–∏?,0,–ü—ñ–¥–±—ñ—Ä —Ç—É—Ä—É
–ß–∏ —î —Ç—É—Ä–∏ –Ω–∞ –ù–æ–≤–æ—Ä—ñ—á–Ω—ñ —Å–≤—è—Ç–∞ —É  –õ–∞–ø–ª–∞–Ω–¥—ñ—é –∑ –∑—É—Å—Ç—Ä—ñ—á—á—é –∑ –î—ñ–¥–æ–º –ú–æ—Ä–æ–∑–æ–º?,0,–ü—ñ–¥–±—ñ—Ä —Ç—É—Ä—É
–Ø–∫—ñ –∞–≤—Ç–æ–±—É—Å–Ω—ñ —Ç—É—Ä–∏ –ø–æ –Ñ–≤—Ä–æ–ø—ñ —î –Ω–∞–π–±—é–¥–∂–µ—Ç–Ω—ñ—à–∏–º–∏?üöç,0,–ü—ñ–¥–±—ñ—Ä —Ç—É—Ä—É
–¢–∏—Ö–∏–π –≤—ñ–¥–ø–æ—á–∏–Ω–æ–∫ –±–µ–∑ –Ω–∞—Ç–æ–≤–ø—É ‚Äî —è–∫—ñ –∫—Ä–∞—ó–Ω–∏ –æ–±–∏—Ä–∞—Ç–∏?,0,–ü—ñ–¥–±—ñ—Ä —Ç—É—Ä—É
–ì–∞—Ä—è—á—ñ –ø—Ä–æ–ø–æ–∑–∏—Ü—ñ—ó –Ω–∞ 8 –ë–µ—Ä–µ–∑–Ω—è –∑ –¥–∏—Ç–∏–Ω–æ—é ü§±,0,–ü—ñ–¥–±—ñ—Ä —Ç—É—Ä—É
–Ø–∫—ñ —î –≤–∞—Ä—ñ–∞–Ω—Ç–∏ –≤—ñ–¥–ø–æ—á–∏–Ω–∫—É –≤ –¢—É—Ä–µ—á—á–∏–Ω—ñ –∑ –≤–∏–ª—å–æ—Ç–æ–º –∑ –û–¥–µ—Å–∏?,0,–ü—ñ–¥–±—ñ—Ä —Ç—É—Ä—É
–ù–∞–π—Ä–æ–º–∞–Ω—Ç–∏—á–Ω—ñ—à–∏–π —Ç—É—Ä –Ω–∞ –≤–∏—Ö—ñ–¥–Ω—ñ –¥–ª—è –ø–∞—Ä–∏ ‚Äî —Ç–µ—Ä–º—ñ–Ω–æ–≤–∏–π –∑–∞–ø–∏—Ç!,0,–ü—ñ–¥–±—ñ—Ä —Ç—É—Ä—É
–ï–∫–æ–Ω–æ–º–Ω—ñ —Ç—É—Ä–∏ –¥–æ –ë–æ–ª–≥–∞—Ä—ñ—ó –∑ –ø–µ—Ä–µ–ª—å–æ—Ç–∞–º–∏ —Ç–∞ –ø—Ä–æ–∂–∏–≤–∞–Ω–Ω—è–º.,0,–ü—ñ–¥–±—ñ—Ä —Ç—É—Ä—É
—è–∫–∞ –≤–∞—Ä—Ç—ñ—Å—Ç—å –Ω–∞ 5 –¥–Ω—ñ–≤ —Ü—å–æ–≥–æ —Ç—É—Ä—É?,1,–¶—ñ–Ω–∏ –Ω–∞ –ø–æ–¥–æ—Ä–æ–∂—ñ
—á–∏ –º–æ–∂–Ω–∞ –≤–∫–ª–∞—Å—Ç–∏—Å—å —É 500$? üí∞,1,–¶—ñ–Ω–∏ –Ω–∞ –ø–æ–¥–æ—Ä–æ–∂—ñ
–Ø–∫–∏–π —Ç—É—Ä –¥–µ—à–µ–≤—à–µ –¥–æ –ü–æ—Ä—Ç—É–≥–∞–ª—ñ—ó?,1,–¶—ñ–Ω–∏ –Ω–∞ –ø–æ–¥–æ—Ä–æ–∂—ñ
–°–∫—ñ–ª—å–∫–∏ –∫–æ—à—Ç—É—î —Ç—É—Ä –∑ –ø–æ–≤–Ω–∏–º —Ö–∞—Ä—á—É–≤–∞–Ω–Ω—è–º –¥–æ –•–æ—Ä–≤–∞—Ç—ñ—ó?,1,–¶—ñ–Ω–∏ –Ω–∞ –ø–æ–¥–æ—Ä–æ–∂—ñ
–Ø–∫–∞ –∫—ñ–Ω—Ü–µ–≤–∞ —Ü—ñ–Ω–∞ —Ç—É—Ä—É –∑ —É—Å—ñ–º–∞ –ø–æ–¥–∞—Ç–∫–∞–º–∏?,1,–¶—ñ–Ω–∏ –Ω–∞ –ø–æ–¥–æ—Ä–æ–∂—ñ
–ß–∏ –≤—ñ–¥—Ä—ñ–∑–Ω—è—î—Ç—å—Å—è —Ü—ñ–Ω–∞ —Ç—É—Ä—É –≤ –±—É–¥–Ω—ñ —ñ –≤–∏—Ö—ñ–¥–Ω—ñ –¥–Ω—ñ?,1,–¶—ñ–Ω–∏ –Ω–∞ –ø–æ–¥–æ—Ä–æ–∂—ñ
–Ø–∫–∞ –æ—Ä—ñ—î–Ω—Ç–æ–≤–Ω–∞ —Ü—ñ–Ω–∞ —Ç—É—Ä—É –¥–ª—è –ø–µ–Ω—Å—ñ–æ–Ω–µ—Ä—ñ–≤?,1,–¶—ñ–Ω–∏ –Ω–∞ –ø–æ–¥–æ—Ä–æ–∂—ñ
–°–∫—ñ–ª—å–∫–∏ –∫–æ—à—Ç—É—î —Ç—É—Ä –Ω–∞ –ú–∞–ª—å—Ç—É –∑ —Ö–∞—Ä—á—É–≤–∞–Ω–Ω—è–º?,1,–¶—ñ–Ω–∏ –Ω–∞ –ø–æ–¥–æ—Ä–æ–∂—ñ
–Ø–∫–∞ —Å–µ—Ä–µ–¥–Ω—è —Ü—ñ–Ω–∞ —Ç—É—Ä—É –¥–æ –¢–∞—ó–ª–∞–Ω–¥—É –≤ –ª–∏—Å—Ç–æ–ø–∞–¥—ñ?,1,–¶—ñ–Ω–∏ –Ω–∞ –ø–æ–¥–æ—Ä–æ–∂—ñ
–¢–æ–±—Ç–æ —Ü—ñ–Ω–∞ —Ç—É—Ä—É —Å–∏–ª—å–Ω–æ –∑–∞–ª–µ–∂–∏—Ç—å –≤—ñ–¥ —è–∫–æ—Å—Ç—ñ –≥–æ—Ç–µ–ª—è,1,–¶—ñ–Ω–∏ –Ω–∞ –ø–æ–¥–æ—Ä–æ–∂—ñ
–≤–∞—Ä—Ç—ñ—Å—Ç—å –∑–∞–ª–µ–∂–∏—Ç—å –≤—ñ–¥ —á–∞—Å—É –±—Ä–æ–Ω—é–≤–∞–Ω–Ω—è?,1,–¶—ñ–Ω–∏ –Ω–∞ –ø–æ–¥–æ—Ä–æ–∂—ñ
–°–∫—ñ–ª—å–∫–∏ –∫–æ—à—Ç—É—î –¥–∏—Ç—è—á–∏–π –∫–≤–∏—Ç–æ–∫ —É —Å—ñ–º–µ–π–Ω–æ–º—É —Ç—É—Ä—ñ?,1,–¶—ñ–Ω–∏ –Ω–∞ –ø–æ–¥–æ—Ä–æ–∂—ñ
—Ü—ñ–Ω–∏ –Ω–∞ —Ç—É—Ä–∏ –≤ –Ü—Å–ø–∞–Ω—ñ—é —Ç–∞ –ü–æ—Ä—Ç—É–≥–∞–ª—ñ—é?,1,–¶—ñ–Ω–∏ –Ω–∞ –ø–æ–¥–æ—Ä–æ–∂—ñ
–ß–∏ –≤–∞—Ä—Ç–æ –ø–µ—Ä–µ–ø–ª–∞—á—É–≤–∞—Ç–∏ –∑–∞ —Ç—É—Ä –ø—Ä–µ–º—ñ—É–º-–∫–ª–∞—Å—É?,1,–¶—ñ–Ω–∏ –Ω–∞ –ø–æ–¥–æ—Ä–æ–∂—ñ
–Ø–∫ –∑–º—ñ–Ω—é—î—Ç—å—Å—è —Ü—ñ–Ω–∞ –∑–∞–ª–µ–∂–Ω–æ –≤—ñ–¥ –º—ñ—Å—Ü—è –≤ –ª—ñ—Ç–∞–∫—É?,1,–¶—ñ–Ω–∏ –Ω–∞ –ø–æ–¥–æ—Ä–æ–∂—ñ
–Ø–∫–∞ —Ü—ñ–Ω–∞ –ø—Ä–∏ –±—Ä–æ–Ω—é–≤–∞–Ω–Ω—ñ –±–µ–∑–ø–æ—Å–µ—Ä–µ–¥–Ω—å–æ –ø–µ—Ä–µ–¥ –≤–∏–ª—å–æ—Ç–æ–º?,1,–¶—ñ–Ω–∏ –Ω–∞ –ø–æ–¥–æ—Ä–æ–∂—ñ
–ß–∏ –≤–ø–ª–∏–≤–∞—î –≤–∏–±—ñ—Ä –∞–≤—ñ–∞–∫–æ–º–ø–∞–Ω—ñ—ó –Ω–∞ –∑–∞–≥–∞–ª—å–Ω—É —Ü—ñ–Ω—É?,1,–¶—ñ–Ω–∏ –Ω–∞ –ø–æ–¥–æ—Ä–æ–∂—ñ
–°–∫—ñ–ª—å–∫–∏ —Ä–µ–∞–ª—å–Ω–æ –∫–æ—à—Ç—É—î –≤—ñ–¥–ø–æ—á–∏–Ω–æ–∫ –Ω–∞ –ú–∞–ª—å–¥—ñ–≤–∞—Ö —É –≤–µ—Ä–µ—Å–Ω—ñ?,1,–¶—ñ–Ω–∏ –Ω–∞ –ø–æ–¥–æ—Ä–æ–∂—ñ
"–ü—ñ–¥–∫–∞–∂—ñ—Ç—å, –±—É–¥—å –ª–∞—Å–∫–∞, —Ü—ñ–Ω–∏ –Ω–∞ —î–≤—Ä–æ–ø–µ–π—Å—å–∫—ñ —Ç—É—Ä–∏ –∑ –∞–≤—Ç–æ–±—É—Å–Ω–∏–º–∏ –µ–∫—Å–∫—É—Ä—Å—ñ—è–º–∏",1,–¶—ñ–Ω–∏ –Ω–∞ –ø–æ–¥–æ—Ä–æ–∂—ñ
"–ß–∏ —î —à–∞–Ω—Å –∑–Ω–∞–π—Ç–∏ —Ç—É—Ä –≤ –Ñ–≥–∏–ø–µ—Ç –∑–∞ 500$ –Ω–∞ –ª—é–¥–∏–Ω—É, –∞–ª–µ —â–æ–± –Ω–µ –¥—É–∂–µ –¥–∞–ª–µ–∫–æ –≤—ñ–¥ –º–æ—Ä—è?",1,–¶—ñ–Ω–∏ –Ω–∞ –ø–æ–¥–æ—Ä–æ–∂—ñ
–ø—ñ–¥–∫–∞–∂—ñ—Ç—å —á–µ—Å–Ω—ñ —Ü—ñ–Ω–∏ –Ω–∞ –ú–∞–ª—å–¥—ñ–≤–∏ - —á–∏ –ø—Ä–∞–≤–¥–∞ —â–æ –º–æ–∂–Ω–∞ –∑–Ω–∞–π—Ç–∏ –∑–∞ 2–∫ —è–∫—â–æ –±—Ä–∞—Ç–∏ –æ—Å—Ç–∞–Ω–Ω—ñ —Ö–≤–∏–ª–∏–Ω–∏?,1,–¶—ñ–Ω–∏ –Ω–∞ –ø–æ–¥–æ—Ä–æ–∂—ñ
–¶—ñ–∫–∞–≤–∏—Ç—å —Ç–æ—á–Ω–∞ –≤–∞—Ä—Ç—ñ—Å—Ç—å —Ç—É—Ä—É –≤ –û–ê–ï –Ω–∞ 10 –¥–Ω—ñ–≤?,1,–¶—ñ–Ω–∏ –Ω–∞ –ø–æ–¥–æ—Ä–æ–∂—ñ
–°–∫—ñ–ª—å–∫–∏ –∫–æ—à—Ç—É—î –¥–æ–¥–∞—Ç–∏ –¥–æ–¥–∞—Ç–∫–æ–≤—É –Ω—ñ—á —É –≥–æ—Ç–µ–ª—ñ?,1,–¶—ñ–Ω–∏ –Ω–∞ –ø–æ–¥–æ—Ä–æ–∂—ñ
–©–æ —Å–∞–º–µ –≤—Ö–æ–¥–∏—Ç—å —É –∑–∞—è–≤–ª–µ–Ω—É –≤–∞—Ä—Ç—ñ—Å—Ç—å —Ç—É—Ä—É?,1,–¶—ñ–Ω–∏ –Ω–∞ –ø–æ–¥–æ—Ä–æ–∂—ñ
2000$ —Ü–µ –≤–∞—Ä—Ç—ñ—Å—Ç—å –∑ –æ–¥–Ω—ñ—î—ó –ª—é–¥–∏–Ω–∏?,1,–¶—ñ–Ω–∏ –Ω–∞ –ø–æ–¥–æ—Ä–æ–∂—ñ
–Ø–∫–∞ —Å–µ—Ä–µ–¥–Ω—è —Ü—ñ–Ω–∞ —Ç—É—Ä—É –Ω–∞ –ú–∞–ª—å–¥—ñ–≤–∏ –Ω–∞ 10 –¥–Ω—ñ–≤?,1,–¶—ñ–Ω–∏ –Ω–∞ –ø–æ–¥–æ—Ä–æ–∂—ñ
"—Ü—ñ–Ω–∞ –∑–Ω–∏–∂—É—î—Ç—å—Å—è –ø—ñ–¥ –≤–µ—á—ñ—Ä, –º–æ–∂–ª–∏–≤–æ —î –∑–Ω–∏–∂–∫–∏? ü•π",1,–¶—ñ–Ω–∏ –Ω–∞ –ø–æ–¥–æ—Ä–æ–∂—ñ
"–ë—É–¥—å –ª–∞—Å–∫–∞, –ø—ñ–¥–∫–∞–∂—ñ—Ç—å, —è–∫–∞ –Ω–∞—Ä–∞–∑—ñ –≤–∞—Ä—Ç—ñ—Å—Ç—å –∫–≤–∏—Ç–∫–∞ –Ω–∞ —Ç—É—Ä –¥–æ –§—Ä–∞–Ω—Ü—ñ—ó? ",1,–¶—ñ–Ω–∏ –Ω–∞ –ø–æ–¥–æ—Ä–æ–∂—ñ
"–≤–∫–∞–∑–∞–Ω–∞ —Å—É–º–∞ ‚Äî —Ü–µ –∑–∞–≥–∞–ª—å–Ω–∞ –≤–∞—Ä—Ç—ñ—Å—Ç—å —É—Å—å–æ–≥–æ —Ç—É—Ä—É, –≤–∫–ª—é—á–Ω–æ –∑ —É—Å—ñ–º–∞ –ø–æ—Å–ª—É–≥–∞–º–∏?",1,–¶—ñ–Ω–∏ –Ω–∞ –ø–æ–¥–æ—Ä–æ–∂—ñ
—Ü–µ –≤–∂–µ –æ—Å—Ç–∞—Ç–æ—á–Ω–∞ —Ü—ñ–Ω–∞ –∑ —É—Ä–∞—Ö—É–≤–∞–Ω–Ω—è–º —É—Å—ñ—Ö –º–æ–∂–ª–∏–≤–∏—Ö –∑–Ω–∏–∂–æ–∫ —Ç–∞ –∞–∫—Ü—ñ–π–Ω–∏—Ö –ø—Ä–æ–ø–æ–∑–∏—Ü—ñ–π? ü•π,1,–¶—ñ–Ω–∏ –Ω–∞ –ø–æ–¥–æ—Ä–æ–∂—ñ
–Ø–∫—ñ —É –≤–∞—Å —É–º–æ–≤–∏ –±—Ä–æ–Ω—é–≤–∞–Ω–Ω—è —Ç—É—Ä—ñ–≤?,2,–ë—Ä–æ–Ω—é–≤–∞–Ω–Ω—è
–ß–∏ –ø–æ—Ç—Ä—ñ–±–Ω–∞ –ø–µ—Ä–µ–¥–æ–ø–ª–∞—Ç–∞ –¥–ª—è –±—Ä–æ–Ω—é–≤–∞–Ω–Ω—è?,2,–ë—Ä–æ–Ω—é–≤–∞–Ω–Ω—è
–Ø–∫–∏–π –∫—Ä–∞–π–Ω—ñ–π —Ç–µ—Ä–º—ñ–Ω –±—Ä–æ–Ω—é–≤–∞–Ω–Ω—è —Ç—É—Ä—É?,2,–ë—Ä–æ–Ω—é–≤–∞–Ω–Ω—è
–ß–∏ –º–æ–∂–Ω–∞ –∑–∞–±—Ä–æ–Ω—é–≤–∞—Ç–∏ —Ç—É—Ä –±–µ–∑ –∑–∞–∑–Ω–∞—á–µ–Ω–Ω—è —Ç–æ—á–Ω–∏—Ö –¥–∞—Ç?,2,–ë—Ä–æ–Ω—é–≤–∞–Ω–Ω—è
—á–∏ –º–æ–∂–Ω–∞ –ø—Ä–æ—Å—Ç–æ '–∑–∞—Å—Ç–µ—Ä–µ–≥—Ç–∏' —Ç—É—Ä –Ω–∞ –ø–∞—Ä—É –¥–Ω—ñ–≤ –±–µ–∑ –ø–µ—Ä–µ–¥–æ–ø–ª–∞—Ç–∏?,2,–ë—Ä–æ–Ω—é–≤–∞–Ω–Ω—è
"–û–π, –∞ —è–∫—â–æ —è –∑–∞–±—Ä–æ–Ω—é—é, –∞ —Ü—ñ–Ω–∞ –≤–ø–∞–¥–µ ‚Äì –≤–∏ –ø–µ—Ä–µ—Ä–∞—Ö—É—î—Ç–µ —á–∏ —è–∫ —Ü–µ –ø—Ä–∞—Ü—é—î?",2,–ë—Ä–æ–Ω—é–≤–∞–Ω–Ω—è
"–î—ñ–≤—á–∏–Ω–∞ –Ω–∞ —Ç–µ–ª–µ—Ñ–æ–Ω—ñ —Å–∫–∞–∑–∞–ª–∞, —â–æ –±—Ä–æ–Ω—å –ø—ñ–¥—Ç–≤–µ—Ä–¥–∂–µ–Ω–∞, –∞ –Ω–∞ –ø–æ—à—Ç—É –Ω—ñ—á–æ–≥–æ –Ω–µ –ø—Ä–∏–π—à–ª–æ ‚Äì —Ü–µ –Ω–æ—Ä–º–∞–ª—å–Ω–æ?",2,–ë—Ä–æ–Ω—é–≤–∞–Ω–Ω—è
"–ú–æ–∂–Ω–∞ —è–∫–æ—Å—å —ñ–º–µ–Ω—É–≤–∞—Ç–∏ –±—Ä–æ–Ω—é–≤–∞–Ω–Ω—è –Ω–µ –Ω–∞ –º–µ–Ω–µ, –∞ –Ω–∞ —Å–µ—Å—Ç—Ä—É?",2,–ë—Ä–æ–Ω—é–≤–∞–Ω–Ω—è
"–ù–∞–ø–∏—Å–∞–Ω–æ '–±—Ä–æ–Ω—å –¥—ñ—î 24 –≥–æ–¥–∏–Ω–∏', –∞–ª–µ —è –≤ –≤—ñ–¥'—ó–∑–¥—ñ - –º–æ–∂–Ω–∞ —è–∫–æ—Å—å –ø—Ä–æ–¥–ª–∏—Ç–∏ –±–µ–∑ –æ–ø–ª–∞—Ç–∏?",2,–ë—Ä–æ–Ω—é–≤–∞–Ω–Ω—è
–Ø–∫ –ø—ñ–¥—Ç–≤–µ—Ä–¥–∂—É—î—Ç—å—Å—è –±—Ä–æ–Ω—é–≤–∞–Ω–Ω—è –≥–æ—Ç–µ–ª—é?,2,–ë—Ä–æ–Ω—é–≤–∞–Ω–Ω—è
–≤–∏ –∂ –ø—ñ–¥—Ç–≤–µ—Ä–¥–∏–ª–∏ –±—Ä–æ–Ω—é–≤–∞–Ω–Ω—è –¥–æ –ú–∞–¥—Ä–∏–¥—É –Ω–∞ –ª—ñ—Ç–æ?,2,–ë—Ä–æ–Ω—é–≤–∞–Ω–Ω—è
–ß–∏ –º–æ–∂–Ω–∞ –∑–∞–±—Ä–æ–Ω—é–≤–∞—Ç–∏ —Ç—É—Ä –∑–∞ —Ç–µ–ª–µ—Ñ–æ–Ω–æ–º?,2,–ë—Ä–æ–Ω—é–≤–∞–Ω–Ω—è
"–ü–æ–≤–Ω—ñ  —É–º–æ–≤–∏ –±—Ä–æ–Ω—é–≤–∞–Ω–Ω—è, –¥–µ —è –º–æ–∂—É –∑–Ω–∞–π—Ç–∏?",2,–ë—Ä–æ–Ω—é–≤–∞–Ω–Ω—è
–ß–∏ –º–æ–∂–Ω–∞ –ø–µ—Ä–µ–¥–∞—Ç–∏ –±—Ä–æ–Ω—é–≤–∞–Ω–Ω—è —ñ–Ω—à—ñ–π –æ—Å–æ–±—ñ?,2,–ë—Ä–æ–Ω—é–≤–∞–Ω–Ω—è
–Ø–∫ –ø–µ—Ä–µ–≤—ñ—Ä–∏—Ç–∏ —Å—Ç–∞—Ç—É—Å –æ–ø–ª–∞—Ç–∏ –∑–∞ –±—Ä–æ–Ω—é–≤–∞–Ω–Ω—è?,2,–ë—Ä–æ–Ω—é–≤–∞–Ω–Ω—è
–ß–∏ –º–æ–∂–Ω–∞ –∑–∞–±—Ä–æ–Ω—é–≤–∞—Ç–∏ —Ç—É—Ä —ñ–∑ –º–æ–∂–ª–∏–≤—ñ—Å—Ç—é –ø–æ–≤–µ—Ä–Ω–µ–Ω–Ω—è –≥—Ä–æ—à–µ–π?,2,–ë—Ä–æ–Ω—é–≤–∞–Ω–Ω—è
–Ø–∫ –æ—Ç—Ä–∏–º–∞—Ç–∏ —Ä–∞—Ö—É–Ω–æ–∫ –¥–ª—è –±—É—Ö–≥–∞–ª—Ç–µ—Ä—ñ—ó –∑–∞ –±—Ä–æ–Ω—é–≤–∞–Ω–Ω—è?,2,–ë—Ä–æ–Ω—é–≤–∞–Ω–Ω—è
–ß–∏ –Ω–∞–¥—Å–∏–ª–∞—é—Ç—å –ø—ñ–¥—Ç–≤–µ—Ä–¥–∂–µ–Ω–Ω—è –±—Ä–æ–Ω—é–≤–∞–Ω–Ω—è –Ω–∞ –ø–æ—à—Ç—É?,2,–ë—Ä–æ–Ω—é–≤–∞–Ω–Ω—è
–Ø–∫—ñ —É–º–æ–≤–∏ —Å–∫–∞—Å—É–≤–∞–Ω–Ω—è –±—Ä–æ–Ω—é–≤–∞–Ω–Ω—è?,2,–ë—Ä–æ–Ω—é–≤–∞–Ω–Ω—è
–©–æ –≤—ñ–¥–±—É–≤–∞—î—Ç—å—Å—è –∑ –ø–µ—Ä–µ–¥–ø–ª–∞—Ç–æ—é –∑–∞ –±—Ä–æ–Ω—é–≤–∞–Ω–Ω—è —É —Ä–∞–∑—ñ –≤—ñ–¥–º–æ–≤–∏?,2,–ë—Ä–æ–Ω—é–≤–∞–Ω–Ω—è
–Ø–∫ –¥–æ–≤–≥–æ –¥—ñ—î –±—Ä–æ–Ω—é–≤–∞–Ω–Ω—è?,2,–ë—Ä–æ–Ω—é–≤–∞–Ω–Ω—è
–ß–∏ –º–æ–∂–Ω–∞ –∑–∞–±—Ä–æ–Ω—é–≤–∞—Ç–∏ —Ç—É—Ä —á–µ—Ä–µ–∑ –º–æ–±—ñ–ª—å–Ω–∏–π –¥–æ–¥–∞—Ç–æ–∫?,2,–ë—Ä–æ–Ω—é–≤–∞–Ω–Ω—è
"–Ω–µ –º–æ–∂—É –∑–Ω–∞–π—Ç–∏, —è–∫ –ø–µ—Ä–µ–≤—ñ—Ä–∏—Ç–∏ —Å—Ç–∞—Ç—É—Å –±—Ä–æ–Ω—ñ(",2,–ë—Ä–æ–Ω—é–≤–∞–Ω–Ω—è
"–Ø–∫—â–æ —è –∑–∞—Ä–∞–∑ –∑–∞–±—Ä–æ–Ω—é—é, –∞ —á–µ—Ä–µ–∑ —Ç–∏–∂–¥–µ–Ω—å –∑–Ω–∞–π–¥—É –¥–µ—à–µ–≤—à–µ",2,–ë—Ä–æ–Ω—é–≤–∞–Ω–Ω—è
"–¥–µ —Å–∞–º–µ —è –º–æ–∂—É –∑–Ω–∞–π—Ç–∏ –¥–æ–∫—É–º–µ–Ω—Ç –∞–±–æ –ø—ñ–¥—Ç–≤–µ—Ä–¥–∂–µ–Ω–Ω—è, —â–æ —Å—Ç–æ—Å—É—î—Ç—å—Å—è –º–æ–≥–æ –±—Ä–æ–Ω—é–≤–∞–Ω–Ω—è?",2,–ë—Ä–æ–Ω—é–≤–∞–Ω–Ω—è
—á–∏ –¥—ñ–π—Å–Ω–∞ –Ω–∞—Ä–∞–∑—ñ –º–æ—è –±—Ä–æ–Ω—å –Ω–∞ —Ç—É—Ä –¥–æ –•—É—Ä–≥–∞–¥–∏,2,–ë—Ä–æ–Ω—é–≤–∞–Ω–Ω—è
"—Ö–æ—á—É –ø–æ–≤—Ç–æ—Ä–Ω–æ –∑–∞–±—Ä–æ–Ω—é–≤–∞—Ç–∏ —Ç—É—Ä –¥–æ –ë–∞—Ä—Å–µ–ª–æ–Ω–∏, —è–∫–∏–π —Ä–∞–Ω—ñ—à–µ –≤–∂–µ –≤—ñ–¥–≤—ñ–¥—É–≤–∞–≤",2,–ë—Ä–æ–Ω—é–≤–∞–Ω–Ω—è
–≤—ñ–¥ —è–∫–æ—ó –∫—ñ–ª—å–∫–æ—Å—Ç—ñ –¥–Ω—ñ–≤ –º–æ–∂–Ω–∞ –±—Ä–æ–Ω—é–≤–∞—Ç–∏ –ø–æ—ó–∑–¥–∫—É?,2,–ë—Ä–æ–Ω—é–≤–∞–Ω–Ω—è
"–¥–æ–º–æ–≤–∏–ª–∏—Å—å, –±—Ä–æ–Ω—å –¥–æ 23 –ª–∏–ø–Ω—è",2,–ë—Ä–æ–Ω—é–≤–∞–Ω–Ω—è
"—è –≤–∂–µ –Ω–µ —Ö–æ—á—É —ó—Ö–∞—Ç–∏ —É —Ç—É—Ä, —Å–∫–∞—Å—É–π—Ç–µ –±—Ä–æ–Ω—é–≤–∞–Ω–Ω—è",2,–ë—Ä–æ–Ω—é–≤–∞–Ω–Ω—è
–ß–∏ –≤–∫–ª—é—á–µ–Ω—ñ –ø–æ—Å–ª—É–≥–∏ –≥—ñ–¥–∞ —É –≤–∞—Ä—Ç—ñ—Å—Ç—å —Ç—É—Ä—É?,3,–ì—ñ–¥–∏ —ñ —Å—É–ø—Ä–æ–≤—ñ–¥
–ß–∏ —î –º–æ–∂–ª–∏–≤—ñ—Å—Ç—å –∑–≤'—è–∑–∞—Ç–∏—Å—è –∑ –≥—ñ–¥–æ–º –¥–æ –ø–æ—á–∞—Ç–∫—É —Ç—É—Ä—É?,3,–ì—ñ–¥–∏ —ñ —Å—É–ø—Ä–æ–≤—ñ–¥
–ß–∏ –≤–æ–ª–æ–¥—ñ—é—Ç—å –≥—ñ–¥–∏ —ñ–Ω–æ–∑–µ–º–Ω–∏–º–∏ –º–æ–≤–∞–º–∏ –Ω–∞ –¥–æ—Å—Ç–∞—Ç–Ω—å–æ–º—É —Ä—ñ–≤–Ω—ñ?,3,–ì—ñ–¥–∏ —ñ —Å—É–ø—Ä–æ–≤—ñ–¥
–ó–∞–ø—Ä–æ–ø–æ–Ω–æ–≤–∞–Ω–∏–π –≥—ñ–¥ –∑–Ω–∞—î —Ç—É—Ä–µ—Ü—å–∫—É –Ω–∞ –≤–∏—Å–æ–∫–æ–º—É —Ä—ñ–≤–Ω—ñ?,3,–ì—ñ–¥–∏ —ñ —Å—É–ø—Ä–æ–≤—ñ–¥
"–ú–æ–∂–Ω–∞ –ø–æ–ø—Ä–æ—Å–∏—Ç–∏ –≥—ñ–¥–∞ –∑–º—ñ–Ω–∏—Ç–∏ –º–∞—Ä—à—Ä—É—Ç, —è–∫—â–æ –º–∏ –≤–∂–µ –±–∞—á–∏–ª–∏ —è–∫—É—Å—å –ø–∞–º'—è—Ç–∫—É?",3,–ì—ñ–¥–∏ —ñ —Å—É–ø—Ä–æ–≤—ñ–¥
–ì—ñ–¥ –±—É–¥–µ –Ω–∞–º –¥–æ–ø–æ–º–∞–≥–∞—Ç–∏ –∑ –º—ñ—Å—Ü–µ–≤–∏–º —Ç—Ä–∞–Ω—Å–ø–æ—Ä—Ç–æ–º?,3,–ì—ñ–¥–∏ —ñ —Å—É–ø—Ä–æ–≤—ñ–¥
–ú–æ–∂–Ω–∞ –∑–∞–º–æ–≤–∏—Ç–∏ –æ–∫—Ä–µ–º–æ–≥–æ –≥—ñ–¥–∞ —Ç—ñ–ª—å–∫–∏ –¥–ª—è –Ω–∞—à–æ—ó —Å—ñ–º'—ó?,3,–ì—ñ–¥–∏ —ñ —Å—É–ø—Ä–æ–≤—ñ–¥
–ê –≥—ñ–¥ –±—É–¥–µ –Ω–∞–º —â–æ—Å—å —Ä–æ–∑–ø–æ–≤—ñ–¥–∞—Ç–∏ –ø—ñ–¥ —á–∞—Å –ø–µ—Ä–µ—ó–∑–¥—ñ–≤ –º—ñ–∂ –º—ñ—Å—Ç–∞–º–∏ —á–∏ —Ç—ñ–ª—å–∫–∏ –Ω–∞ –º—ñ—Å—Ü—è—Ö?,3,–ì—ñ–¥–∏ —ñ —Å—É–ø—Ä–æ–≤—ñ–¥
"–£ –≥—ñ–¥–∞ –±—É–¥–µ —è–∫–∏–π—Å—å –∑–Ω–∞–∫, —â–æ–± –π–æ–≥–æ –ª–µ–≥–∫–æ –±—É–ª–æ –∑–Ω–∞–π—Ç–∏ –≤ –Ω–∞—Ç–æ–≤–ø—ñ?",3,–ì—ñ–¥–∏ —ñ —Å—É–ø—Ä–æ–≤—ñ–¥
—è–∫—É –∫—ñ–ª—å–∫—ñ—Å—Ç—å —á–∞—Å—É –º–∏ –±—É–¥–µ–º–æ –ø—Ä–æ–≤–æ–¥–∏—Ç–∏ –∑ –≥—ñ–¥–æ–º?,3,–ì—ñ–¥–∏ —ñ —Å—É–ø—Ä–æ–≤—ñ–¥
–ß–∏ —î –º–æ–∂–ª–∏–≤—ñ—Å—Ç—å —Å–∞–º–æ—Å—Ç—ñ–π–Ω–æ –æ–±—Ä–∞—Ç–∏ –∫–æ–Ω–∫—Ä–µ—Ç–Ω–æ–≥–æ –≥—ñ–¥–∞ –¥–ª—è —Ç—É—Ä—É –∑–≥—ñ–¥–Ω–æ –∑ –º–æ—ó–º–∏ —É–ø–æ–¥–æ–±–∞–Ω–Ω—è–º–∏?,3,–ì—ñ–¥–∏ —ñ —Å—É–ø—Ä–æ–≤—ñ–¥
–º–æ–∂–Ω–æ –∫–æ–Ω—Ç–∞–∫—Ç –≥—ñ–¥–∞ –ø–µ—Ä–µ–¥ —Ç—É—Ä–æ–º –¥–ª—è —É—Ç–æ—á–Ω–µ–Ω–Ω—è –ø–µ–≤–Ω–æ—ó —ñ–Ω—Ñ–æ—Ä–º–∞—Ü—ñ—ó?,3,–ì—ñ–¥–∏ —ñ —Å—É–ø—Ä–æ–≤—ñ–¥
"–ß–∏ –º–æ–∂—É —è –∑–∞–∑–¥–∞–ª–µ–≥—ñ–¥—å –æ–∑–Ω–∞–π–æ–º–∏—Ç–∏—Å—è –∑ –¥–µ—Ç–∞–ª—å–Ω–æ—é –ø—Ä–æ–≥—Ä–∞–º–æ—é, —è–∫—É –ø–ª–∞–Ω—É—î –ø—Ä–æ–≤–æ–¥–∏—Ç–∏ –≥—ñ–¥ –ø—ñ–¥ —á–∞—Å –µ–∫—Å–∫—É—Ä—Å—ñ—ó?",3,–ì—ñ–¥–∏ —ñ —Å—É–ø—Ä–æ–≤—ñ–¥
–ß–∏ –≤–æ–ª–æ–¥—ñ—î –≥—ñ–¥ —ñ—Å–ø–∞–Ω—Å—å–∫–æ—é –º–æ–≤–æ—é –Ω–∞ –¥–æ—Å—Ç–∞—Ç–Ω—å–æ–º—É —Ä—ñ–≤–Ω—ñ –¥–ª—è –ø—Ä–æ–≤–µ–¥–µ–Ω–Ω—è –ø–æ–≤–Ω–æ—Ü—ñ–Ω–Ω–æ—ó –µ–∫—Å–∫—É—Ä—Å—ñ—ó?,3,–ì—ñ–¥–∏ —ñ —Å—É–ø—Ä–æ–≤—ñ–¥
—á–∏ –º–æ–∂–µ –≥—ñ–¥ —Å—É–ø—Ä–æ–≤–æ–¥–∂—É–≤–∞—Ç–∏ –º–µ–Ω–µ –ø–æ—Å—Ç—ñ–π–Ω–æ?,3,–ì—ñ–¥–∏ —ñ —Å—É–ø—Ä–æ–≤—ñ–¥
–ß–∏ –±—É–¥–µ –≥—ñ–¥ –∑—É—Å—Ç—Ä—ñ—á–∞—Ç–∏ –Ω–∞—Å –≤ –∞–µ—Ä–æ–ø–æ—Ä—Ç—É?,3,–ì—ñ–¥–∏ —ñ —Å—É–ø—Ä–æ–≤—ñ–¥
–ß–∏ —î –≥—ñ–¥ –∑ –º–µ–¥–∏—á–Ω–æ—é –ø—ñ–¥–≥–æ—Ç–æ–≤–∫–æ—é?,3,–ì—ñ–¥–∏ —ñ —Å—É–ø—Ä–æ–≤—ñ–¥
–ß–∏ –º–æ–∂–µ –≥—ñ–¥ –æ—Ä–≥–∞–Ω—ñ–∑—É–≤–∞—Ç–∏ —Å–ø–µ—Ü—ñ–∞–ª—å–Ω—ñ –∑–∞—Ö–æ–¥–∏ –ø—ñ–¥ —á–∞—Å —Ç—É—Ä—É?,3,–ì—ñ–¥–∏ —ñ —Å—É–ø—Ä–æ–≤—ñ–¥
–ß–∏ –Ω–∞–¥–∞—î—Ç–µ –≥—ñ–¥–∞ –¥–ª—è –≥—Ä—É–ø–æ–≤–∏—Ö –ø–æ—ó–∑–¥–æ–∫?,3,–ì—ñ–¥–∏ —ñ —Å—É–ø—Ä–æ–≤—ñ–¥
–ß–∏ –º–æ–∂–Ω–∞ –∑–∞–º–æ–≤–∏—Ç–∏ –≥—ñ–¥–∞ –¥–ª—è –¥–∏—Ç—è—á–æ—ó –µ–∫—Å–∫—É—Ä—Å—ñ—ó?,3,–ì—ñ–¥–∏ —ñ —Å—É–ø—Ä–æ–≤—ñ–¥
"–©–æ —Ä–æ–±–∏—Ç–∏, —è–∫—â–æ –º–∏ –∑–∞–≥—É–±–∏–º–æ—Å—è –ø—ñ–¥ —á–∞—Å –µ–∫—Å–∫—É—Ä—Å—ñ—ó –∞–±–æ –Ω–µ –∑–º–æ–∂–µ–º–æ –∑–Ω–∞–π—Ç–∏ –Ω–∞—à–æ–≥–æ –≥—ñ–¥–∞?",3,–ì—ñ–¥–∏ —ñ —Å—É–ø—Ä–æ–≤—ñ–¥
"–ß–∏ –Ω–∞–¥–∞—î –≥—ñ–¥ –µ–∫—Å–∫—É—Ä—Å—ñ–π–Ω—ñ –ø–æ—Å–ª—É–≥–∏ —â–æ–¥–Ω—è, –≤–∫–ª—é—á–∞—é—á–∏ –≤–∏—Ö—ñ–¥–Ω—ñ —Ç–∞ —Å–≤—è—Ç–∫–æ–≤—ñ –¥–Ω—ñ?",3,–ì—ñ–¥–∏ —ñ —Å—É–ø—Ä–æ–≤—ñ–¥
"–ß–∏ –º–æ–∂–µ –≥—ñ–¥ –æ—Ä–≥–∞–Ω—ñ–∑—É–≤–∞—Ç–∏ –∞–±–æ –ø—Ä–æ–≤–µ—Å—Ç–∏ –µ–∫—Å–∫—É—Ä—Å—ñ—é —É –≤–µ—á—ñ—Ä–Ω—ñ–π —á–∏ –Ω—ñ—á–Ω–∏–π —á–∞—Å, —è–∫—â–æ –º–∏ –∑–∞–±–∞–∂–∞—î–º–æ?",3,–ì—ñ–¥–∏ —ñ —Å—É–ø—Ä–æ–≤—ñ–¥
–ì—ñ–¥ —Å—É–ø—Ä–æ–≤–æ–¥–∂—É—î –ª–∏—à–µ –≤ –µ–∫—Å–∫—É—Ä—Å—ñ—è—Ö —á–∏ –ø—Ä–æ—Ç—è–≥–æ–º —É—Å—å–æ–≥–æ —Ç—É—Ä—É?,3,–ì—ñ–¥–∏ —ñ —Å—É–ø—Ä–æ–≤—ñ–¥
–°–∫—ñ–ª—å–∫–∏ –æ—Å—ñ–± –±—É–¥–µ –≤ –≥—Ä—É–ø—ñ –∑ –æ–¥–Ω–∏–º –≥—ñ–¥–æ–º?,3,–ì—ñ–¥–∏ —ñ —Å—É–ø—Ä–æ–≤—ñ–¥
–Ø–∫–∞ –ø—Ä–∏–±–ª–∏–∑–Ω–∞ —Ç—Ä–∏–≤–∞–ª—ñ—Å—Ç—å —Å—É–ø—Ä–æ–≤–æ–¥—É –≥—ñ–¥–∞ –ø—ñ–¥ —á–∞—Å —Ç—É—Ä—É?,3,–ì—ñ–¥–∏ —ñ —Å—É–ø—Ä–æ–≤—ñ–¥
–Ø–∫—ñ –æ–±–æ–≤‚Äô—è–∑–∫–∏ –º–∞—î –≥—ñ–¥ –ø—ñ–¥ —á–∞—Å —Ç—É—Ä—É?,3,–ì—ñ–¥–∏ —ñ —Å—É–ø—Ä–æ–≤—ñ–¥
—è–∫—â–æ —è –∑–∞—Ö–æ—á—É –∑–º—ñ–Ω–∏—Ç–∏ –≥—ñ–¥–∞ –Ω–∞ —ñ–Ω—à–æ–≥–æ?,3,–ì—ñ–¥–∏ —ñ —Å—É–ø—Ä–æ–≤—ñ–¥
—á–∏ –º–æ–∂–Ω–æ –Ω–∞–π–Ω—è—Ç–∏ –≥—ñ–¥–∞ –ø–æ –î—ñ—Å–Ω–µ–π–ª–µ–Ω–¥—É?,3,–ì—ñ–¥–∏ —ñ —Å—É–ø—Ä–æ–≤—ñ–¥
—Ö–æ—á—É –æ–∫—Ä–µ–º–∏–π —Å—É–ø—Ä–æ–≤—ñ–¥ –≥—ñ–¥–∞ –Ω–∞ —Ü—ñ–ª–∏–π —Ç–∏–∂–¥–µ–Ω—å ,3,–ì—ñ–¥–∏ —ñ —Å—É–ø—Ä–æ–≤—ñ–¥
"–Ø–∫—â–æ —è –∑–º—ñ–Ω—é –¥–∞—Ç—É, –∞ –ø–æ—Ç—ñ–º –∑–Ω–æ–≤—É –ø–æ–≤–µ—Ä–Ω—É —Å—Ç–∞—Ä—É –¥–∞—Ç—É ‚Äì —Ü–µ –±—É–¥–µ –≤–≤–∞–∂–∞—Ç–∏—Å—å –æ–¥–Ω—ñ—î—é –∑–º—ñ–Ω–æ—é —á–∏ –¥–≤–æ–º–∞?",4,–ó–º—ñ–Ω–∞ –¥–∞—Ç —Ç—É—Ä—É
"–Ø–∫—â–æ —è –ø–µ—Ä–µ–Ω–µ—Å—É –¥–∞—Ç—É –Ω–∞ –ø—ñ–∑–Ω—ñ—à–µ, —á–∏ –∑–±–µ—Ä–µ–∂–µ—Ç—å—Å—è –º–æ—è –∑–Ω–∏–∂–∫–∞ –∑–∞ —Ä–∞–Ω–Ω—î –±—Ä–æ–Ω—é–≤–∞–Ω–Ω—è?",4,–ó–º—ñ–Ω–∞ –¥–∞—Ç —Ç—É—Ä—É
–ê —è–∫—â–æ —è –ø–µ—Ä–µ–Ω–µ—Å—É —Ç—É—Ä –Ω–∞ —ñ–Ω—à—É –¥–∞—Ç—É - —á–∏ –±—É–¥—É—Ç—å —Ç—ñ —Å–∞–º—ñ –µ–∫—Å–∫—É—Ä—Å—ñ—ó? ,4,–ó–º—ñ–Ω–∞ –¥–∞—Ç —Ç—É—Ä—É
"–ß—É–ª–∞, —â–æ —è–∫—â–æ –ø–µ—Ä–µ–Ω–æ—Å–∏—Ç–∏ –∑–∞ 2 –º—ñ—Å—è—Ü—ñ ‚Äì —Ç–æ –±–µ–∑ —à—Ç—Ä–∞—Ñ—É",4,–ó–º—ñ–Ω–∞ –¥–∞—Ç —Ç—É—Ä—É
"–ú–æ–∂–Ω–∞ –ø–µ—Ä–µ–Ω–µ—Å—Ç–∏ —Ç—ñ–ª—å–∫–∏ –º—ñ–π –∫–≤–∏—Ç–æ–∫, –∞ —á–æ–ª–æ–≤—ñ–∫ –Ω–µ—Ö–∞–π –ª–µ—Ç–∏—Ç—å —è–∫ –ø–ª–∞–Ω—É–≤–∞–ª–æ—Å—å?",4,–ó–º—ñ–Ω–∞ –¥–∞—Ç —Ç—É—Ä—É
"–Ø–∫—ñ —É–º–æ–≤–∏ –∑–º—ñ–Ω–∏ –¥–∞—Ç, —Ö–æ—á—É –¥—ñ–∑–Ω–∞—Ç–∏—Å—è –∑–∞–≤—á–∞—Å–Ω–æ?",4,–ó–º—ñ–Ω–∞ –¥–∞—Ç —Ç—É—Ä—É
"–Ω–µ –∫–∞–∂—ñ—Ç—å, —â–æ —è –Ω–µ –º–æ–∂—É –∑–º—ñ–Ω–∏—Ç–∏ –¥–∞—Ç—É –±–µ–∑ —Å—É–¥–æ–≤–æ—ó —Å–ø—Ä–∞–≤–∏üò©",4,–ó–º—ñ–Ω–∞ –¥–∞—Ç —Ç—É—Ä—É
"—Ç—Ä–µ–±–∞ –∑–º—ñ–Ω—é–≤–∞—Ç–∏ –¥–∞—Ç—É –ø–æ–¥–æ—Ä–æ–∂—ñ,  –≤—Ä–∞—Ö–æ–≤—É—é—á–∏ –º–æ–∂–ª–∏–≤—ñ —à—Ç—Ä–∞—Ñ–Ω—ñ —Å–∞–Ω–∫—Ü—ñ—ó ?",4,–ó–º—ñ–Ω–∞ –¥–∞—Ç —Ç—É—Ä—É
–ß–∏ –≤–ø–ª–∏–≤–∞—î –∑–º—ñ–Ω–∞ –¥–∞—Ç–∏ –Ω–∞ –≤–∞—Ä—Ç—ñ—Å—Ç—å —Ç—É—Ä—É?,4,–ó–º—ñ–Ω–∞ –¥–∞—Ç —Ç—É—Ä—É
–ß–∏ –º–æ–∂–Ω–∞ –∑–º—ñ–Ω–∏—Ç–∏ –¥–∞—Ç—É —É –≤–∏–ø–∞–¥–∫—É —Ö–≤–æ—Ä–æ–±–∏?,4,–ó–º—ñ–Ω–∞ –¥–∞—Ç —Ç—É—Ä—É
–Ø–∫ –≤—ñ–¥–±—É–≤–∞—î—Ç—å—Å—è –ø—ñ–¥—Ç–≤–µ—Ä–¥–∂–µ–Ω–Ω—è –∑–º—ñ–Ω–∏ –¥–∞—Ç–∏?,4,–ó–º—ñ–Ω–∞ –¥–∞—Ç —Ç—É—Ä—É
–ß–∏ –ø–æ—Ç—Ä—ñ–±–Ω–∞ –¥–æ–ø–ª–∞—Ç–∞ –∑–∞ –ø–µ—Ä–µ–Ω–µ—Å–µ–Ω–Ω—è –¥–∞—Ç–∏ —Ç—É—Ä—É?,4,–ó–º—ñ–Ω–∞ –¥–∞—Ç —Ç—É—Ä—É
"–Ø–∫—â–æ —Ç—É—Ä –≥—Ä—É–ø–æ–≤–∏–π, –¥–ª—è –∑–º—ñ–Ω–∏ –¥–∞—Ç–∏ –ø–æ—Ç—Ä—ñ–±–Ω–∞ –∑–≥–æ–¥–Ω–∞ –≤—Å—ñ—Ö?",4,–ó–º—ñ–Ω–∞ –¥–∞—Ç —Ç—É—Ä—É
—è —Ö–æ—á—É –ø–µ—Ä–µ–Ω–µ—Å—Ç–∏ —Ç—É—Ä –Ω–∞ —ñ–Ω—à—É –¥–∞—Ç—É –¥–µ—Å—å –Ω–∞ —Å–µ—Ä–ø–µ–Ω—åüìÖ,4,–ó–º—ñ–Ω–∞ –¥–∞—Ç —Ç—É—Ä—É
–Ω–∞ –≥–∞—Ä—è—á–∏—Ö –ø—Ä–æ–ø–æ–∑–∏—Ü—ñ—è—Ö –Ω–µ –º–æ–∂–Ω–∞ –∑–º—ñ–Ω–∏—Ç–∏ –¥–∞—Ç—É?,4,–ó–º—ñ–Ω–∞ –¥–∞—Ç —Ç—É—Ä—É
–º–æ–∂–Ω–∞ –∑–º—ñ–Ω–∏—Ç–∏ –¥–∞—Ç–∏ –æ–Ω–ª–∞–π–Ω —É –¥–æ–¥–∞—Ç–∫—É –±–µ–∑ –∑–≤'—è–∑–∫—É –∑ –æ–ø–µ—Ä–∞—Ç–æ—Ä–æ–º?,4,–ó–º—ñ–Ω–∞ –¥–∞—Ç —Ç—É—Ä—É
–º–æ–∂–Ω–∞ –∑–º—ñ–Ω–∏—Ç–∏ –¥–∞—Ç–∏ —É –≤–∏–ø–∞–¥–∫—É —Ñ–æ—Ä—Å-–º–∞–∂–æ—Ä—É?,4,–ó–º—ñ–Ω–∞ –¥–∞—Ç —Ç—É—Ä—É
—â–æ? —è –Ω–µ –∑–º—ñ–Ω—é–≤–∞–ª–∞ –¥–∞—Ç—É —Ç—É—Ä—É –Ω–∞ —á–µ—Ä–≤–µ–Ω—å!,4,–ó–º—ñ–Ω–∞ –¥–∞—Ç —Ç—É—Ä—É
"–∂–∞—Ö, –∞ —â–æ —Ä–æ–±–∏—Ç–∏, –∑–º—ñ–Ω–∏—Ç–∏ –¥–∞—Ç—É –Ω–µ –º–æ–∂–Ω–∞?",4,–ó–º—ñ–Ω–∞ –¥–∞—Ç —Ç—É—Ä—É
"–º–∏ –ø–æ—Å–≤–∞—Ä–∏–ª–∏—Å—å, –∑–º—ñ–Ω–∏—Ç—å –¥–∞—Ç—É, –±—É–¥—å –ª–∞—Å–∫–∞ üìÖ",4,–ó–º—ñ–Ω–∞ –¥–∞—Ç —Ç—É—Ä—É
—É –º–µ–Ω–µ —Ç–µ–º–ø–µ—Ä–∞—Ç—É—Ä–∞ - —Ü–µ –ø–æ–≤–∞–∂–Ω–∞ –ø—Ä–∏—á–∏–Ω–∞ –¥–ª—è –∑–º—ñ–Ω–∏ –¥–∞—Ç–∏! üå°üìÖ,4,–ó–º—ñ–Ω–∞ –¥–∞—Ç —Ç—É—Ä—É
–ß–∏ –º–æ–∂–Ω–∞ –∑–º—ñ–Ω–∏—Ç–∏ –¥–∞—Ç–∏ –ø—ñ—Å–ª—è –ø–æ—á–∞—Ç–∫—É —Ç—É—Ä—É?,4,–ó–º—ñ–Ω–∞ –¥–∞—Ç —Ç—É—Ä—É
—è–∫ –∑–º—ñ–Ω–∏—Ç–∏ –¥–∞—Ç—É –ø–æ—ó–∑–¥–∫–∏ —É –¥–æ–¥–∞—Ç–∫—É?,4,–ó–º—ñ–Ω–∞ –¥–∞—Ç —Ç—É—Ä—É
—è —Ö–æ—á—É –ø–æ–¥–∞—Ç–∏ –∑–∞–ø–∏—Ç –Ω–∞ –∑–º—ñ–Ω—É –¥–∞—Ç–∏ –Ω–∞ –≤–µ—Ä–µ—Å–µ–Ω—å,4,–ó–º—ñ–Ω–∞ –¥–∞—Ç —Ç—É—Ä—É
–î–∞—Ç—É –º–æ–∂–Ω–∞ –∑–º—ñ–Ω–∏—Ç–∏ —Å–∞–º–æ—Å—Ç—ñ–π–Ω–æ —á–∏ –ø–æ—Ç—Ä—ñ–±–Ω–æ –∑–≤–µ—Ä—Ç–∞—Ç–∏—Å—å?,4,–ó–º—ñ–Ω–∞ –¥–∞—Ç —Ç—É—Ä—É
–°–∫—ñ–ª—å–∫–∏ —Ä–∞–∑—ñ–≤ –º–æ–∂–Ω–∞ –∑–º—ñ–Ω—é–≤–∞—Ç–∏ –¥–∞—Ç—É –±–µ–∑ —à—Ç—Ä–∞—Ñ—É –∑–∞ –¥–æ–≥–æ–≤–æ—Ä–æ–º?,4,–ó–º—ñ–Ω–∞ –¥–∞—Ç —Ç—É—Ä—É
"–ö–æ–ª–∏ –æ—Å—Ç–∞–Ω–Ω—ñ–π –¥–µ–Ω—å, —â–æ–± –º–æ–∂–Ω–æ –±—É–ª–æ –∑–º—ñ–Ω–∏—Ç–∏ –¥–∞—Ç—É –±–µ–∑ —à—Ç—Ä–∞—Ñ—É?",4,–ó–º—ñ–Ω–∞ –¥–∞—Ç —Ç—É—Ä—É
–•–æ—á—É –∑–º—ñ–Ω–∏—Ç–∏ –¥–∞—Ç—É —Ç—É—Ä—É —á–µ—Ä–µ–∑ –æ–±—Å—Ç–∞–≤–∏–Ω–∏ –Ω–∞ —Ä–æ–±–æ—Ç—ñ,4,–ó–º—ñ–Ω–∞ –¥–∞—Ç —Ç—É—Ä—É
–ß–∏ –ø–æ—Ç—Ä—ñ–±–Ω–æ –ø—ñ–¥—Ç–≤–µ—Ä–¥–∂–µ–Ω–Ω—è –≤—ñ–¥ —É—Å—ñ—Ö —É—á–∞—Å–Ω–∏–∫—ñ–≤ —Ç—É—Ä—É –¥–ª—è –∑–º—ñ–Ω–∏ –¥–∞—Ç?,4,–ó–º—ñ–Ω–∞ –¥–∞—Ç —Ç—É—Ä—É
—Ç–µ—Ä–º—ñ–Ω–æ–≤–æ —Ö–æ—á—É –ø–µ—Ä–µ–Ω–µ—Å—Ç–∏ –¥–∞—Ç—É —Ç—É—Ä—É,4,–ó–º—ñ–Ω–∞ –¥–∞—Ç —Ç—É—Ä—É
"—Å–º–æ–≥, –ø—Ä–æ–±–∫–∏ –π —Å–º—ñ—Ç—Ç—è –Ω–∞ –∫–æ–∂–Ω–æ–º—É –∫—Ä–æ—Ü—ñ - –ø—Ä–∏–≤—ñ—Ç, –Ü–Ω–¥—ñ—è! 1/5",5,–í—ñ–¥–≥—É–∫–∏ –ø—Ä–æ –Ω–∞–ø—Ä—è–º–∫–∏¬†
"–§–æ—Ç–æ –≤ —ñ–Ω—Å—Ç—ñ ‚Äì —Ü–µ 5% —Ä–µ–∞–ª—å–Ω–æ—Å—Ç—ñ. 95% ‚Äì —Ü–µ —á–µ—Ä–≥–∏. –î—è–∫—É—é, üá´üá∑!",5,–í—ñ–¥–≥—É–∫–∏ –ø—Ä–æ –Ω–∞–ø—Ä—è–º–∫–∏¬†
–ù–µ–æ—á—ñ–∫—É–≤–∞–Ω–æ –≥–∞—Ä–Ω–µ –º–æ—Ä–µ —ñ —Å–ø–æ–∫—ñ–π–Ω–∞ –∞—Ç–º–æ—Å—Ñ–µ—Ä–∞ ‚Äî —Ä–µ–∫–æ–º–µ–Ω–¥—É—é –•–æ—Ä–≤–∞—Ç—ñ—é.,5,–í—ñ–¥–≥—É–∫–∏ –ø—Ä–æ –Ω–∞–ø—Ä—è–º–∫–∏¬†
"–ú–∞–ª—å—Ç–∞ ‚Äî –º–∞–ª–µ–Ω—å–∫–∏–π –æ—Å—Ç—Ä—ñ–≤ –∑ –≤–µ–ª–∏–∫–æ—é –∫—ñ–ª—å–∫—ñ—Å—Ç—é –ø–∞–º‚Äô—è—Ç–æ–∫, —ñ–¥–µ–∞–ª—å–Ω–æ –¥–ª—è –∫–æ—Ä–æ—Ç–∫–æ–≥–æ —Ç—É—Ä—É.",5,–í—ñ–¥–≥—É–∫–∏ –ø—Ä–æ –Ω–∞–ø—Ä—è–º–∫–∏¬†
"–í—ñ–¥–ø–æ—á–∏–Ω–æ–∫ —É –§—ñ–Ω–ª—è–Ω–¥—ñ—ó —Å–ø–æ–∫—ñ–π–Ω–∏–π —ñ –∑–∞—Ç–∏—à–Ω–∏–π, —á—É–¥–æ–≤–∞ –ø—Ä–∏—Ä–æ–¥–∞ —ñ —Å–∞—É–Ω–∏.",5,–í—ñ–¥–≥—É–∫–∏ –ø—Ä–æ –Ω–∞–ø—Ä—è–º–∫–∏¬†
"–ö—É–ª—å—Ç—É—Ä–∞ —ñ –≥–æ—Å—Ç–∏–Ω–Ω—ñ—Å—Ç—å, —è–∫—ñ —è –∑—É—Å—Ç—Ä—ñ–≤, –≤—Ä–∞–∑–∏–ª–∏ –º–µ–Ω–µ –ø—ñ–¥ —á–∞—Å –ø–æ—ó–∑–¥–∫–∏ –¥–æ –Ø–ø–æ–Ω—ñ—ó.",5,–í—ñ–¥–≥—É–∫–∏ –ø—Ä–æ –Ω–∞–ø—Ä—è–º–∫–∏¬†
–õ—é–±–∏—Ç–µ–ª—ñ –≥—ñ—Ä—Å—å–∫–æ–ª–∏–∂–Ω–æ–≥–æ —Å–ø–æ—Ä—Ç—É —ñ –ø—Ä–∏—Ä–æ–¥–∏ –∑–Ω–∞–π–¥—É—Ç—å —Å–ø—Ä–∞–≤–∂–Ω—ñ–π —Ä–∞–π —É –®–≤–µ–π—Ü–∞—Ä—Å—å–∫–∏—Ö –ê–ª—å–ø–∞—Ö.,5,–í—ñ–¥–≥—É–∫–∏ –ø—Ä–æ –Ω–∞–ø—Ä—è–º–∫–∏¬†
"—Ç–∞–∫ –±–∞–≥–∞—Ç–æ –≤–æ—Ä—ñ–≤ —è–∫ —É –ë–∞—Ä—Å–µ–ª–æ–Ω—ñ –Ω–µ –º–∞—î –Ω—ñ–¥–µ, —Ç—Ä–µ–±–∞ –±–µ—Ä–µ–≥—Ç–∏ —Å–≤–æ—ó —Ä–µ—á—ñ",5,–í—ñ–¥–≥—É–∫–∏ –ø—Ä–æ –Ω–∞–ø—Ä—è–º–∫–∏¬†
—è–∫—â–æ –Ω–µ –º–æ–∂–µ—Ç–µ –æ–±—Ä–∞—Ç–∏ –º—ñ–∂ –º–æ—Ä–µ–º —Ç–∞ –≥–æ—Ä–∞–º–∏ - –•–æ—Ä–≤–∞—Ç—ñ—è –¥–ª—è –≤–∞—Å,5,–í—ñ–¥–≥—É–∫–∏ –ø—Ä–æ –Ω–∞–ø—Ä—è–º–∫–∏¬†
"–ú—ñ—Å—Ç–æ, —è–∫–µ –Ω—ñ–∫–æ–ª–∏ –Ω–µ —Å–ø–∏—Ç—å - —Ü–µ —Å–∞–º–µ –ø—Ä–æ –ù–µ–∞–ø–æ–ª—å. –°–∫–∞–∂–∏ - –Ω—ñ —Å–ø–æ–∫–æ—é.",5,–í—ñ–¥–≥—É–∫–∏ –ø—Ä–æ –Ω–∞–ø—Ä—è–º–∫–∏¬†
–•–æ—á–µ—Ç–µ –∞–¥—Ä–µ–Ω–∞–ª—ñ–Ω—É? –ù–æ–≤–∞ –ó–µ–ª–∞–Ω–¥—ñ—è: —Å—Ç—Ä–∏–±–∫–∏ –∑ –±–∞–Ω–¥–∂—ñ,5,–í—ñ–¥–≥—É–∫–∏ –ø—Ä–æ –Ω–∞–ø—Ä—è–º–∫–∏¬†
–Ø–∫—â–æ –ë—Ä–∞–∑–∏–ª—ñ—è - —Ç–æ –≤—ñ–¥—Ä–∞–∑—É —Ç—Ä–µ–±–∞ –Ω–∞ –∫–∞—Ä–Ω–∞–≤–∞–ª –¥–æ —Ü–∏—Ö –∫–æ–ª–æ—Ä–∏—Ç–Ω–∏—Ö –ª—é–¥–µ–π,5,–í—ñ–¥–≥—É–∫–∏ –ø—Ä–æ –Ω–∞–ø—Ä—è–º–∫–∏¬†
"–ë–∞–≥–∞—Ç–æ –≥—Ä–æ—à–µ–π —Ç—Ä–µ–±–∞ –¥–ª—è —Ü—ñ—î—ó –®–≤–µ–π—Ü–∞—Ä—ñ—ó, –±—ñ–ª—å—à–µ —Ç—É–¥–∏ –Ω–µ –ø–æ–≤–µ—Ä–Ω—É—Å—è",5,–í—ñ–¥–≥—É–∫–∏ –ø—Ä–æ –Ω–∞–ø—Ä—è–º–∫–∏¬†
"–ì–æ—Ä–∏, –æ–∑–µ—Ä–∞, –æ–∫–µ–∞–Ω–∏ - —Ç–æ –¥–æ –ö–∞–Ω–∞–¥–∏. 10/10 ",5,–í—ñ–¥–≥—É–∫–∏ –ø—Ä–æ –Ω–∞–ø—Ä—è–º–∫–∏¬†
–Ü—Å–ª–∞–Ω–¥—ñ—è - —Ü–µ —ñ–Ω—à–∞ –ø–ª–∞–Ω–µ—Ç–∞! –ù–µ–π–º–æ–≤—ñ—Ä–Ω—ñ –ø–µ–π–∑–∞–∂—ñ.,5,–í—ñ–¥–≥—É–∫–∏ –ø—Ä–æ –Ω–∞–ø—Ä—è–º–∫–∏¬†
"–õ—å–≤—ñ–≤ ‚Äì —Ü–µ –Ω–µ –ø—Ä–æ—Å—Ç–æ –º—ñ—Å—Ç–æ, —Ü–µ –∫–∞–≤–∞, —à–æ–∫–æ–ª–∞–¥ —ñ –∞—Ç–º–æ—Å—Ñ–µ—Ä–∞",5,–í—ñ–¥–≥—É–∫–∏ –ø—Ä–æ –Ω–∞–ø—Ä—è–º–∫–∏¬†
"–°–µ–π—à–µ–ª—å—Å—å–∫—ñ –æ—Å—Ç—Ä–æ–≤–∏ ‚Äì —Ç–∞–º, –¥–µ –Ω–∞ –ø–ª—è–∂—ñ –±—ñ–ª—å—à–µ –≥—ñ–≥–∞–Ω—Ç—Å—å–∫–∏—Ö —á–µ—Ä–µ–ø–∞—Ö, –Ω—ñ–∂ —Ç—É—Ä–∏—Å—Ç—ñ–≤!",5,–í—ñ–¥–≥—É–∫–∏ –ø—Ä–æ –Ω–∞–ø—Ä—è–º–∫–∏¬†
"–ü–æ–≤–µ—Ä–Ω—É–ª–∞—Å—å –∑ –î—É–±–∞—é —ñ... —Ü–µ –Ω–µ –ø—Ä–æ—Å—Ç–æ —Ä–æ–∑–∫—ñ—à, —Ü–µ —ñ–Ω—à–∞ –ø–ª–∞–Ω–µ—Ç–∞! ",5,–í—ñ–¥–≥—É–∫–∏ –ø—Ä–æ –Ω–∞–ø—Ä—è–º–∫–∏¬†
"–ë–∞–ª—ñ ‚Äì –º—ñ—Å—Ü–µ, –¥–µ —Ä–∞–π—Å—å–∫—ñ –ø–ª—è–∂—ñ –∑—É—Å—Ç—Ä—ñ—á–∞—é—Ç—å—Å—è –∑ –¥–∂—É–Ω–≥–ª—è–º–∏! ",5,–í—ñ–¥–≥—É–∫–∏ –ø—Ä–æ –Ω–∞–ø—Ä—è–º–∫–∏¬†
–¢—ñ–ª—å–∫–∏ –ø–æ–≤–µ—Ä–Ω—É–ª–∞—Å—å –∑ –ú–∞–ª—å–¥—ñ–≤—ñ–≤ ‚Äì —Ü–µ –∫–æ—Å–º–æ—Å! üíõ,5,–í—ñ–¥–≥—É–∫–∏ –ø—Ä–æ –Ω–∞–ø—Ä—è–º–∫–∏¬†
"–ü–ª—è–∂—ñ –∫–∞—Ä–∏–±—Å—å–∫–æ–≥–æ –±–∞—Å–µ–π–Ω—É - –º–æ—è —Å–ª–∞–±–∫—ñ—Å—Ç—å, —Ä–∞–¥–∂—É –≤—Å—ñ–º",5,–í—ñ–¥–≥—É–∫–∏ –ø—Ä–æ –Ω–∞–ø—Ä—è–º–∫–∏¬†
"–ù–∞–π–∫—Ä–∞—â–∏–π –ø–ª—è–∂ - —Ü–µ –ì–†–ï–ô–°-–ë–ï–ô, –∫–æ–∂–µ–Ω –º–∞—î –≤—ñ–¥–ø–æ—á–∏—Ç–∏ —Ç–∞–º.",5,–í—ñ–¥–≥—É–∫–∏ –ø—Ä–æ –Ω–∞–ø—Ä—è–º–∫–∏¬†
"–ù–µ –∑–∞–±—É–¥—å—Ç–µ –≤—ñ–¥—á—É—Ç–∏ —Å–ø—Ä–∞–≤–∂–Ω—ñ–π –Ñ–≥–∏–ø–µ—Ç, –ø—ñ–¥ —á–∞—Å –µ–∫—Å–∫—É—Ä—Å—ñ—ó –Ω–∞ –∫–≤–∞–¥—Ä–æ—Ü–∏–∫–ª–∞—Ö —Ç–∞ –±–∞–≥—ñ",5,–í—ñ–¥–≥—É–∫–∏ –ø—Ä–æ –Ω–∞–ø—Ä—è–º–∫–∏¬†
"–£ –ü—Ä–∞–∑—ñ –Ω–∞–¥–∑–≤–∏—á–∞–π–Ω–æ —á–∞—Ä—ñ–≤–Ω—ñ –≤—É–ª–∏—á–∫–∏, —è–∫—ñ –∑–±–µ—Ä–µ–≥–ª–∏ —Å–µ—Ä–µ–¥–Ω—å–æ–≤—ñ—á–Ω—É –∞—Ç–º–æ—Å—Ñ–µ—Ä—É, –∞ —Ç–∞–∫–æ–∂ –±–µ–∑–ª—ñ—á —ñ—Å—Ç–æ—Ä–∏—á–Ω–∏—Ö –ø–∞–º‚Äô—è—Ç–æ–∫",5,–í—ñ–¥–≥—É–∫–∏ –ø—Ä–æ –Ω–∞–ø—Ä—è–º–∫–∏¬†
"–£ –ì—Ä–µ—Ü—ñ—ó –Ω–µ–π–º–æ–≤—ñ—Ä–Ω–æ –≤—Ä–∞–∂–∞—é—á–∞ –∞—Ä—Ö—ñ—Ç–µ–∫—Ç—É—Ä–∞ ‚Äî –≤—ñ–¥ —Å—Ç–∞—Ä–æ–¥–∞–≤–Ω—ñ—Ö —Ö—Ä–∞–º—ñ–≤ –¥–æ –±—ñ–ª–∏—Ö –±—É–¥–∏–Ω–æ—á–∫—ñ–≤ –Ω–∞ —Å—Ö–∏–ª–∞—Ö –æ—Å—Ç—Ä–æ–≤—ñ–≤,",5,–í—ñ–¥–≥—É–∫–∏ –ø—Ä–æ –Ω–∞–ø—Ä—è–º–∫–∏¬†
"–∞ —è —á—É–ª–∞ –≤—ñ–¥–≥—É–∫, —â–æ –≤ –¢—É—Ä–µ—á—á–∏–Ω—ñ –∑–æ–≤—Å—ñ–º –Ω–µ —Å–ø–µ–∫–æ—Ç–Ω–æ",5,–í—ñ–¥–≥—É–∫–∏ –ø—Ä–æ –Ω–∞–ø—Ä—è–º–∫–∏¬†
–ö—ñ–ø—Ä ‚Äî —á—É–¥–æ–≤–µ –º—ñ—Å—Ü–µ –¥–ª—è —Å—ñ–º–µ–π–Ω–æ–≥–æ –≤—ñ–¥–ø–æ—á–∏–Ω–∫—É.,5,–í—ñ–¥–≥—É–∫–∏ –ø—Ä–æ –Ω–∞–ø—Ä—è–º–∫–∏¬†
–ü–æ–ª—å—â–∞ –¥—É–∂–µ –∫–æ–ª–æ—Ä–∏—Ç–Ω–∞ —ñ –Ω–µ–¥–æ—Ä–æ–≥–∞.,5,–í—ñ–¥–≥—É–∫–∏ –ø—Ä–æ –Ω–∞–ø—Ä—è–º–∫–∏¬†
–•—ñ–Ω–∫–∞–ª—ñ —É üá¨üá™ —Ç–æ –ª—é–±–æ–≤–≤ üíõ –í—Å—ñ–º —Ä–∞–¥–∂—É,5,–í—ñ–¥–≥—É–∫–∏ –ø—Ä–æ –Ω–∞–ø—Ä—è–º–∫–∏¬†
–ì—Ä—É–∑—ñ—è –¥–∏–≤—É—î –≥–æ—Å—Ç–∏–Ω–Ω—ñ—Å—Ç—é —ñ —Å–º–∞—á–Ω–æ—é –∫—É—Ö–Ω–µ—é.,5,–í—ñ–¥–≥—É–∫–∏ –ø—Ä–æ –Ω–∞–ø—Ä—è–º–∫–∏¬†